{"cameraMode":{"drawMode":0,"name":"Shaded","section":"Shading Mode"},"sceneLighting":false,"audioPlay":false,"sceneViewState":{"m_AlwaysRefresh":false,"showFog":true,"showSkybox":false,"showFlares":true,"showImageEffects":true,"showParticleSystems":true,"showVisualEffectGraphs":true,"m_FxEnabled":true},"in2DMode":false,"pivot":{"x":61.540000915527347,"y":9.680000305175782,"z":79.59999084472656},"rotation":{"x":-0.045433152467012408,"y":-0.46017226576805117,"z":0.023814920336008073,"w":-0.8865514993667603},"size":3.022357702255249,"orthographic":false}